prefix,number,digits,result
6011,601146848434,12,PASS
6011,601187980577,12,PASS
6011,601188356860,12,PASS
6011,601174689057,12,PASS
6011,601112776004,12,PASS
6011,601197458341,12,PASS
6011,601100434432,12,PASS
6011,601167756642,12,PASS
6011,601114982604,12,PASS
6011,601165946791,12,PASS
6011,601101953839,12,PASS
6011,601126417597,12,PASS
6011,601178740836,12,PASS
6011,601174590284,12,PASS
6011,601111580000,12,PASS
6011,601171930419,12,PASS
6012,60127147603,11,PASS
6012,60122035709,11,PASS
6012,60127226889,11,PASS
6012,60124240353,11,PASS
6012,60128252648,11,PASS
6012,60121977433,11,PASS
6012,60123851046,11,PASS
6012,60129993004,11,PASS
6012,60122604649,11,PASS
6012,60124385681,11,PASS
6012,60126754750,11,PASS
6012,60128864164,11,PASS
6012,60121010545,11,PASS
6012,60124185128,11,PASS
6012,60124197564,11,PASS
6012,60120050357,11,PASS
6013,60138932134,11,PASS
6013,60135964438,11,PASS
6013,60131429437,11,PASS
6013,60136549847,11,PASS
6013,60134514982,11,PASS
6013,60133903371,11,PASS
6013,60131951487,11,PASS
6013,60130893170,11,PASS
6013,60139676566,11,PASS
6013,60138209570,11,PASS
6013,60134799943,11,PASS
6013,60131279081,11,PASS
6013,60136489322,11,PASS
6013,60138748752,11,PASS
6013,60138262117,11,PASS
6013,60136025499,11,PASS
6017,60170382360,11,PASS
6017,60179109161,11,PASS
6017,60174542884,11,PASS
6017,60174734586,11,PASS
6017,60170107114,11,PASS
6017,60172877914,11,PASS
6017,60175112119,11,PASS
6017,60171767627,11,PASS
6017,60170554409,11,PASS
6017,60171813149,11,PASS
6017,60178848426,11,PASS
6017,60179415855,11,PASS
6017,60179492952,11,PASS
6017,60175197611,11,PASS
6017,60174411668,11,PASS
6017,60173455674,11,PASS
6019,60192255055,11,PASS
6019,60194271416,11,PASS
6019,60196542686,11,PASS
6019,60192645613,11,PASS
6019,60196548740,11,PASS
6019,60192962314,11,PASS
6019,60196748630,11,PASS
6019,60195154193,11,PASS
6019,60193281886,11,PASS
6019,60194983144,11,PASS
6019,60193902566,11,PASS
6019,60191542628,11,PASS
6019,60198706333,11,PASS
6019,60199564259,11,PASS
6019,60191673702,11,PASS
6019,60199032426,11,PASS
